2025-05-24 15:55:51,https://blogforge.pythonanywhere.com,https://blogforge.pythonanywhere.com/contact/,Form Submitted
2025-05-24 15:56:18,http://alquwa.com,N/A,Contact Page Not Found
2025-05-24 15:56:52,http://msnuae.com,https://msnuae.com/contact-us/,Form Submitted
2025-05-24 15:57:14,http://scarletitc.com,http://scarletitc.com/Scarlet_Information_Technology_Consultants/contact_us.php,Form Submitted
2025-05-24 15:57:25,http://martiarestro.com,N/A,Contact Page Not Found
2025-05-24 15:57:44,http://eldoradogym.com,http://eldoradogym.com/contact.html,Form Submitted
2025-05-24 15:57:59,http://vanintl.com,https://www.hostgator.com/help/article/how-to-make-a-website,Form Not Submitted
2025-05-24 15:58:26,http://jotracker.com,N/A,Contact Page Not Found
2025-05-24 15:58:41,http://chigaro.com,https://www.chigaro.com/pages/contact,Form Submitted
2025-05-24 15:58:48,http://bhweth.com,N/A,Contact Page Not Found
2025-05-24 15:59:11,http://expotechmedia.com,N/A,Contact Page Not Found
2025-05-24 15:59:23,http://plumberleadexperts.com,N/A,Contact Page Not Found
2025-05-24 15:59:50,http://ashabalhimam.com,N/A,Contact Page Not Found
2025-05-24 16:00:02,http://imageboxz.com,https://imageboxz.com/#contact-us,Form Submitted
2025-05-24 16:00:20,http://middletracks.com,https://middletracks.com/contact,Form Submitted
2025-05-24 16:00:37,http://sabkoch.com,https://sabkoch.com/support-policy,Form Submitted
2025-05-24 16:00:44,http://sixthbluezone.com,N/A,Contact Page Not Found
2025-05-24 16:00:51,http://markndget.com,N/A,Contact Page Not Found
2025-05-24 16:00:58,http://buyme24seven.com,N/A,Contact Page Not Found
2025-05-24 16:01:05,http://napkinmaps.com,N/A,Contact Page Not Found
2025-05-24 16:01:32,http://ajmanrewards.com,N/A,Contact Page Not Found
2025-05-24 16:01:59,http://waneet.com,N/A,Contact Page Not Found
2025-05-24 16:02:06,http://awaz-pakistan.com,N/A,Contact Page Not Found
2025-05-24 16:02:14,http://zmarchitects.net,N/A,Contact Page Not Found
2025-05-24 16:02:23,http://barwaaqostore.com,N/A,Contact Page Not Found
2025-05-24 16:02:33,http://tanama-capital.com,N/A,Contact Page Not Found
2025-05-24 16:02:52,http://daniyalshipping.com,https://daniyalshipping.com/contact-us.html,Form Not Submitted
2025-05-24 16:02:58,http://stoneandsteelart.net,N/A,Contact Page Not Found
2025-05-24 16:03:05,http://sazafoodstuff.com,N/A,Contact Page Not Found
2025-05-24 16:03:19,http://mailscaleads.com,N/A,Contact Page Not Found
2025-05-24 16:03:31,http://filipinoinstitutegroup.com,https://filipinoinstitutegroup.com/support/index.php,Form Not Submitted
2025-05-24 16:03:58,http://kudlakonnect.com,N/A,Contact Page Not Found
2025-05-24 16:04:04,http://alnabeelgroup.com,N/A,Contact Page Not Found
2025-05-24 16:04:17,http://next2percent.com,N/A,Contact Page Not Found
2025-05-24 16:04:25,http://pelagainlines.com,N/A,Contact Page Not Found
2025-05-24 16:04:52,http://itsadad.com,N/A,Contact Page Not Found
2025-05-24 16:05:18,http://talenio.net,N/A,Contact Page Not Found
2025-05-24 16:05:33,http://mitikotech.com,https://mitikotech.com/contact-us/,Form Not Submitted
